[
  {
    "id": "6c6aa858-7f98-4a2b-aca4-89a7a5014268",
    "data": [
      {
        "text": "Hello",
        "userDefined": false
      }
    ],
    "isTemplate": false,
    "count": 0
  },
  {
    "id": "836014a7-ccab-4179-8b37-2ff97c09fb04",
    "data": [
      {
        "text": "Hey",
        "userDefined": false
      }
    ],
    "isTemplate": false,
    "count": 0
  },
  {
    "id": "9d545d0a-7031-4311-80cc-686395244f1f",
    "data": [
      {
        "text": "Hi",
        "userDefined": false
      }
    ],
    "isTemplate": false,
    "count": 0
  },
  {
    "id": "a87e71ae-489c-4366-b545-d7b7fb0c46dc",
    "data": [
      {
        "text": "Talk to track crypto",
        "userDefined": false
      }
    ],
    "isTemplate": false,
    "count": 0
  },
  {
    "id": "d5fdffeb-1270-4ff1-971a-6110eabb2998",
    "data": [
      {
        "text": "Tell me about crypto currencies",
        "userDefined": false
      }
    ],
    "isTemplate": false,
    "count": 0
  }
]