[
  {
    "id": "0a474ce7-ef14-4c5d-a7a7-70614363537e",
    "data": [
      {
        "text": "what can you do?",
        "userDefined": false
      }
    ],
    "isTemplate": false,
    "count": 0,
    "updated": 1514998155
  },
  {
    "id": "bac89c75-e534-4aef-b775-5aa1fec79694",
    "data": [
      {
        "text": "tell me the things you do",
        "userDefined": false
      }
    ],
    "isTemplate": false,
    "count": 0,
    "updated": 1514998155
  },
  {
    "id": "bafd3115-64b5-4619-9a24-99fde75143fd",
    "data": [
      {
        "text": "tell me about you",
        "userDefined": false
      }
    ],
    "isTemplate": false,
    "count": 0,
    "updated": 1514998155
  },
  {
    "id": "7f00b219-6702-4eda-880f-c5819ddf966b",
    "data": [
      {
        "text": "tell me more about you",
        "userDefined": false
      }
    ],
    "isTemplate": false,
    "count": 0,
    "updated": 1514998155
  },
  {
    "id": "e42f2fbe-0497-4e8f-9de2-1ca3024610dc",
    "data": [
      {
        "text": "tell me about yourself",
        "userDefined": false
      }
    ],
    "isTemplate": false,
    "count": 0,
    "updated": 1514998155
  },
  {
    "id": "a719fc48-f420-4da6-85c4-7aa23e5a5388",
    "data": [
      {
        "text": "what is your existence",
        "userDefined": false
      }
    ],
    "isTemplate": false,
    "count": 0,
    "updated": 1514998155
  },
  {
    "id": "34d21813-eb47-4f32-b416-9f07fae16e77",
    "data": [
      {
        "text": "who are you",
        "userDefined": false
      }
    ],
    "isTemplate": false,
    "count": 0,
    "updated": 1514998155
  },
  {
    "id": "76fc01bb-526f-4c5e-ac07-45b6d3d6c53e",
    "data": [
      {
        "text": "I want to know more about you",
        "userDefined": false
      }
    ],
    "isTemplate": false,
    "count": 0,
    "updated": 1514998155
  },
  {
    "id": "286bc0c8-9e47-472c-8057-4362ce712e2f",
    "data": [
      {
        "text": "what do you do",
        "userDefined": false
      }
    ],
    "isTemplate": false,
    "count": 0,
    "updated": 1514998155
  },
  {
    "id": "3f0c3375-f193-4c00-8a7b-7827be43ff20",
    "data": [
      {
        "text": "help me",
        "userDefined": false
      }
    ],
    "isTemplate": false,
    "count": 0,
    "updated": 1514998155
  },
  {
    "id": "4e06469a-5ae4-4002-88ad-c610b751e944",
    "data": [
      {
        "text": "help",
        "userDefined": false
      }
    ],
    "isTemplate": false,
    "count": 0,
    "updated": 1514998155
  }
]