[
  {
    "id": "5f57c7cf-4087-4ac3-aafa-54800bc9efa8",
    "data": [
      {
        "text": "tata",
        "userDefined": false
      }
    ],
    "isTemplate": false,
    "count": 0,
    "updated": 1514997655
  },
  {
    "id": "fad372da-d8c0-4623-976a-69d7e5e6bd2d",
    "data": [
      {
        "text": "see ya",
        "userDefined": false
      }
    ],
    "isTemplate": false,
    "count": 0,
    "updated": 1514997655
  },
  {
    "id": "8eafe5de-5d65-4e89-98ce-cc4672af2578",
    "data": [
      {
        "text": "see you",
        "userDefined": false
      }
    ],
    "isTemplate": false,
    "count": 0,
    "updated": 1514997655
  },
  {
    "id": "d8d39a12-0363-4ebe-9d1a-a0c444180a49",
    "data": [
      {
        "text": "bye",
        "userDefined": false
      }
    ],
    "isTemplate": false,
    "count": 0,
    "updated": 1514997655
  },
  {
    "id": "f7b73e00-9693-4923-93ea-cdebdb726211",
    "data": [
      {
        "text": "bye bye",
        "userDefined": false
      }
    ],
    "isTemplate": false,
    "count": 0,
    "updated": 1514997655
  },
  {
    "id": "45c241bb-0afd-45a1-84bc-04b71a13bd03",
    "data": [
      {
        "text": "quit",
        "userDefined": false
      }
    ],
    "isTemplate": false,
    "count": 0,
    "updated": 1514997655
  },
  {
    "id": "5b67a675-5c4f-447f-9eab-bd88ed31895f",
    "data": [
      {
        "text": "stop",
        "userDefined": false
      }
    ],
    "isTemplate": false,
    "count": 0,
    "updated": 1514997655
  },
  {
    "id": "045c1b99-4872-4b25-a9a9-e0554c933adf",
    "data": [
      {
        "text": "I am done",
        "userDefined": false
      }
    ],
    "isTemplate": false,
    "count": 0,
    "updated": 1514997655
  },
  {
    "id": "fc2d5bd5-c94f-4723-9d99-1ace21fea5e4",
    "data": [
      {
        "text": "Nada",
        "userDefined": false
      }
    ],
    "isTemplate": false,
    "count": 0,
    "updated": 1514997655
  },
  {
    "id": "48a1969e-40ca-4c04-b6f7-13d8910f8411",
    "data": [
      {
        "text": "Nope",
        "userDefined": false
      }
    ],
    "isTemplate": false,
    "count": 0,
    "updated": 1514997655
  },
  {
    "id": "34ac109a-8687-43ca-9285-b95e5262e6e8",
    "data": [
      {
        "text": "naah",
        "userDefined": false
      }
    ],
    "isTemplate": false,
    "count": 0,
    "updated": 1514997655
  },
  {
    "id": "53dbc441-3228-483e-9a1e-e452833b1391",
    "data": [
      {
        "text": "not at all",
        "userDefined": false
      }
    ],
    "isTemplate": false,
    "count": 0,
    "updated": 1514997655
  },
  {
    "id": "20c34c7c-999d-4f2d-8655-68073cc70797",
    "data": [
      {
        "text": "No I am done",
        "userDefined": false
      }
    ],
    "isTemplate": false,
    "count": 0,
    "updated": 1514997655
  },
  {
    "id": "93016979-907f-4bc7-825e-6f46f760261a",
    "data": [
      {
        "text": "I don\u0027t think so",
        "userDefined": false
      }
    ],
    "isTemplate": false,
    "count": 0,
    "updated": 1514997655
  },
  {
    "id": "1c771035-a901-4d6b-9880-56f43a08d69e",
    "data": [
      {
        "text": "no that\u0027s all",
        "userDefined": false
      }
    ],
    "isTemplate": false,
    "count": 0,
    "updated": 1514997655
  },
  {
    "id": "b39367e9-6c06-4005-9e30-ea72175fcb36",
    "data": [
      {
        "text": "no",
        "userDefined": false
      }
    ],
    "isTemplate": false,
    "count": 0,
    "updated": 1514997655
  }
]