[
  {
    "value": "Bitcoin",
    "synonyms": [
      "Bitcoin",
      "bitcoin",
      "BTC",
      "btc"
    ]
  },
  {
    "value": "Litecoin",
    "synonyms": [
      "Litecoin",
      "litecoin",
      "LTC",
      "ltc"
    ]
  },
  {
    "value": "Ethereum",
    "synonyms": [
      "Ethereum",
      "ETH",
      "ether",
      "eth",
      "ethereum"
    ]
  },
  {
    "value": "Ripple",
    "synonyms": [
      "Ripple",
      "ripple",
      "XRP",
      "xrp"
    ]
  },
  {
    "value": "Bitcoin Cash",
    "synonyms": [
      "Bitcoin Cash",
      "bitcoin cash",
      "BCH",
      "bch"
    ]
  }
]